<?xml version="1.0" encoding="UTF-8"?>
<project-private xmlns="http://www.netbeans.org/ns/project-private/1">
    <open-files xmlns="http://www.netbeans.org/ns/projectui-open-files/2">
        <group>
            <file>file:/C:/Users/Aluno/Documents/NetBeansProjects/Compilador/src/compilador/Verificador.java</file>
            <file>file:/C:/Users/Aluno/Documents/NetBeansProjects/Compilador/src/compilador/Reservado.java</file>
            <file>file:/C:/Users/Aluno/Documents/NetBeansProjects/Compilador/src/compilador/PilhaDeVerificacao.java</file>
            <file>file:/C:/Users/Aluno/Documents/NetBeansProjects/Compilador/src/compilador/Executor.java</file>
            <file>file:/C:/Users/Aluno/Documents/NetBeansProjects/Compilador/src/compilador/Compilador.java</file>
            <file>file:/C:/Users/Aluno/Documents/NetBeansProjects/Compilador/src/compilador/PalavrasReservadas.java</file>
            <file>file:/C:/Users/Aluno/Documents/NetBeansProjects/Compilador/src/compilador/Validavel.java</file>
        </group>
    </open-files>
</project-private>
